bike_id,crm,origin_lat,origin_lon,origin_time,destination_lat,destination_lon,destination_time,mapping
e613fe8c-cb34-4849-b052-f96b7e4eba35,22886,49.899271,10.90083,1748736000,49.903208,10.894277,1748737200,Many-to-One
b3f5faf2-a939-4da3-bc5c-960c131d6fd6,19349,49.903091,10.89553,1748736000,49.908617,10.917851,1748737200,One-to-Many
50a0211d-4332-471e-b7bd-205e2f6326a9,24502,49.904044,10.895017,1748736000,49.892725,10.886002,1748737200,One-to-Many
d583eecf-6d7a-4e14-bd80-61110eba95b3,21883,49.885698,10.873147,1748736000,49.903,10.895,1748737200,One-to-Many
84f489f7-4aeb-4d2f-a58d-231c8ada22ae,24697,49.892408,10.88749,1748736000,49.88362,10.87255,1748737200,One-to-Many
aefb81a3-af04-499b-9912-f3c5c6e87eea,17068,49.896301,10.879777,1748736000,49.89715,10.879504,1748737200,One-to-Many
e6a77e45-b374-4647-abec-b70a76b6d421,23041,49.908483,10.917135,1748736000,49.89245,10.887264,1748737200,One-to-Many
1ea31a07-0182-4912-ba48-a3f57718de10,22933,49.898026,10.899809,1748736000,49.903208,10.894277,1748737200,Many-to-One
